round,train_loss,test_loss,test_accuracy,uplink_protocol,uplink_bytes,uplink_trainable_bytes,uplink_complex_2bit_bytes,uplink_real_2bit_bytes,uplink_bitfl_1bit_bytes,uplink_non_trainable_bytes,downlink_bytes,optimizer_state_bytes,effective_learning_rate,best_train_loss_round,restored_best_after_round,early_stopped,round_seconds
1,0.9391736164844284,2.3074387187957766,0.1466,bitfl_v2_stochastic_1bit_tensor_fp32_scale_configurable_hldp_topk_ef,71340,67500,0,0,67500,3840,2143120,4278640,0.0001,0,0,0,37.711883494630456
2,0.885055822560874,2.3147519760131834,0.1204,bitfl_v2_stochastic_1bit_tensor_fp32_scale_configurable_hldp_topk_ef,71340,67500,0,0,67500,3840,2143120,4278640,0.0001,0,0,0,36.44868252053857
3,0.7607005639234556,2.3164106620788574,0.1255,bitfl_v2_stochastic_1bit_tensor_fp32_scale_configurable_hldp_topk_ef,71340,67500,0,0,67500,3840,2143120,4278640,0.0001,0,0,0,36.88781894929707
4,0.6626174329663626,2.305193692779541,0.1429,bitfl_v2_stochastic_1bit_tensor_fp32_scale_configurable_hldp_topk_ef,71340,67500,0,0,67500,3840,2143120,4278640,0.0001,0,0,0,36.196416433900595
5,0.5876498236631353,2.279059541320801,0.1732,bitfl_v2_stochastic_1bit_tensor_fp32_scale_configurable_hldp_topk_ef,71340,67500,0,0,67500,3840,2143120,4278640,0.0001,0,0,0,36.58948307670653
6,0.5344028766810274,2.2235290824890135,0.2033,bitfl_v2_stochastic_1bit_tensor_fp32_scale_configurable_hldp_topk_ef,71340,67500,0,0,67500,3840,2143120,4278640,0.0001,0,0,0,36.67516670562327
7,0.4879877106752247,2.14608187789917,0.242,bitfl_v2_stochastic_1bit_tensor_fp32_scale_configurable_hldp_topk_ef,71340,67500,0,0,67500,3840,2143120,4278640,0.0001,0,0,0,36.834736535325646
8,0.45208437550657743,2.0433254539489747,0.2807,bitfl_v2_stochastic_1bit_tensor_fp32_scale_configurable_hldp_topk_ef,71340,67500,0,0,67500,3840,2143120,4278640,0.0001,0,0,0,35.735366884619
9,0.4187914286235658,1.9275721012115479,0.3214,bitfl_v2_stochastic_1bit_tensor_fp32_scale_configurable_hldp_topk_ef,71340,67500,0,0,67500,3840,2143120,4278640,0.0001,0,0,0,36.05086796358228
10,0.391860473214183,1.8037777793884278,0.3688,bitfl_v2_stochastic_1bit_tensor_fp32_scale_configurable_hldp_topk_ef,71340,67500,0,0,67500,3840,2143120,4278640,0.0001,0,0,0,35.859207479283214
11,0.3687417239047742,1.6925220687866211,0.4107,bitfl_v2_stochastic_1bit_tensor_fp32_scale_configurable_hldp_topk_ef,71340,67500,0,0,67500,3840,2143120,4278640,0.0001,0,0,0,36.051763923838735
12,0.35076530024331687,1.5875346632003784,0.4524,bitfl_v2_stochastic_1bit_tensor_fp32_scale_configurable_hldp_topk_ef,71340,67500,0,0,67500,3840,2143120,4278640,0.0001,0,0,0,35.79875033162534
13,0.3384292529333227,1.4697964239120482,0.5007,bitfl_v2_stochastic_1bit_tensor_fp32_scale_configurable_hldp_topk_ef,71340,67500,0,0,67500,3840,2143120,4278640,0.0001,0,0,0,36.12808936834335
14,0.319510590005666,1.3670652074813843,0.5404,bitfl_v2_stochastic_1bit_tensor_fp32_scale_configurable_hldp_topk_ef,71340,67500,0,0,67500,3840,2143120,4278640,0.0001,0,0,0,35.83968046307564
15,0.3020785970108894,1.2691465034484863,0.5757,bitfl_v2_stochastic_1bit_tensor_fp32_scale_configurable_hldp_topk_ef,71340,67500,0,0,67500,3840,2143120,4278640,0.0001,0,0,0,36.36143507435918
16,0.2853468085018297,1.2172058433532715,0.5953,bitfl_v2_stochastic_1bit_tensor_fp32_scale_configurable_hldp_topk_ef,71340,67500,0,0,67500,3840,2143120,4278640,0.0001,0,0,0,36.20757953450084
17,0.27491470079791425,1.1890193613052369,0.6055,bitfl_v2_stochastic_1bit_tensor_fp32_scale_configurable_hldp_topk_ef,71340,67500,0,0,67500,3840,2143120,4278640,0.0001,0,0,0,35.60998653434217
18,0.26655400878905006,1.1269879332542418,0.6262,bitfl_v2_stochastic_1bit_tensor_fp32_scale_configurable_hldp_topk_ef,71340,67500,0,0,67500,3840,2143120,4278640,0.0001,0,0,0,36.046923730522394
19,0.25468608004933535,1.0960518981933594,0.6398,bitfl_v2_stochastic_1bit_tensor_fp32_scale_configurable_hldp_topk_ef,71340,67500,0,0,67500,3840,2143120,4278640,0.0001,0,0,0,36.30871447734535
20,0.24655983211705462,1.0496342483520509,0.6581,bitfl_v2_stochastic_1bit_tensor_fp32_scale_configurable_hldp_topk_ef,71340,67500,0,0,67500,3840,2143120,4278640,0.0001,0,0,0,36.34973301552236
21,0.23777052335984386,1.026564116859436,0.6658,bitfl_v2_stochastic_1bit_tensor_fp32_scale_configurable_hldp_topk_ef,71340,67500,0,0,67500,3840,2143120,4278640,0.0001,0,0,0,36.2806484028697
22,0.2319303168876407,1.0054557971954345,0.6724,bitfl_v2_stochastic_1bit_tensor_fp32_scale_configurable_hldp_topk_ef,71340,67500,0,0,67500,3840,2143120,4278640,0.0001,0,0,0,36.719704024493694
23,0.22573476608765,0.9782631609916687,0.6819,bitfl_v2_stochastic_1bit_tensor_fp32_scale_configurable_hldp_topk_ef,71340,67500,0,0,67500,3840,2143120,4278640,0.0001,0,0,0,38.971331691369414
24,0.22013465879717842,0.9676008633613586,0.6858,bitfl_v2_stochastic_1bit_tensor_fp32_scale_configurable_hldp_topk_ef,71340,67500,0,0,67500,3840,2143120,4278640,0.0001,0,0,0,39.589159440249205
25,0.21450606765768804,0.9428233584403992,0.6939,bitfl_v2_stochastic_1bit_tensor_fp32_scale_configurable_hldp_topk_ef,71340,67500,0,0,67500,3840,2143120,4278640,0.0001,0,0,0,39.32421883754432
26,0.2102071370308598,0.9058735390663147,0.706,bitfl_v2_stochastic_1bit_tensor_fp32_scale_configurable_hldp_topk_ef,71340,67500,0,0,67500,3840,2143120,4278640,0.0001,0,0,0,39.54358978383243
27,0.2029819802575124,0.8766723302841186,0.7176,bitfl_v2_stochastic_1bit_tensor_fp32_scale_configurable_hldp_topk_ef,71340,67500,0,0,67500,3840,2143120,4278640,0.0001,0,0,0,39.16659180447459
28,0.19778918579104354,0.8500440846443176,0.729,bitfl_v2_stochastic_1bit_tensor_fp32_scale_configurable_hldp_topk_ef,71340,67500,0,0,67500,3840,2143120,4278640,0.0001,0,0,0,39.372614439576864
29,0.19266563735436648,0.8374104600906372,0.7335,bitfl_v2_stochastic_1bit_tensor_fp32_scale_configurable_hldp_topk_ef,71340,67500,0,0,67500,3840,2143120,4278640,0.0001,0,0,0,38.25737305544317
30,0.18779002478695475,0.8060791569709778,0.746,bitfl_v2_stochastic_1bit_tensor_fp32_scale_configurable_hldp_topk_ef,71340,67500,0,0,67500,3840,2143120,4278640,0.0001,0,0,0,38.37559450790286
31,0.18361475011139797,0.7905631446838379,0.7494,bitfl_v2_stochastic_1bit_tensor_fp32_scale_configurable_hldp_topk_ef,71340,67500,0,0,67500,3840,2143120,4278640,0.0001,0,0,0,37.01964724622667
32,0.18007415591273457,0.7762326589584351,0.7545,bitfl_v2_stochastic_1bit_tensor_fp32_scale_configurable_hldp_topk_ef,71340,67500,0,0,67500,3840,2143120,4278640,0.0001,0,0,0,37.14545421488583
33,0.17557136859589567,0.7661771572113037,0.757,bitfl_v2_stochastic_1bit_tensor_fp32_scale_configurable_hldp_topk_ef,71340,67500,0,0,67500,3840,2143120,4278640,0.0001,0,0,0,37.432143369689584
34,0.17250736942417763,0.7438287067413331,0.7687,bitfl_v2_stochastic_1bit_tensor_fp32_scale_configurable_hldp_topk_ef,71340,67500,0,0,67500,3840,2143120,4278640,0.0001,0,0,0,36.28556575253606
35,0.16853235000453423,0.7371728786468505,0.7709,bitfl_v2_stochastic_1bit_tensor_fp32_scale_configurable_hldp_topk_ef,71340,67500,0,0,67500,3840,2143120,4278640,0.0001,0,0,0,35.92417396605015
36,0.16562546788676022,0.7159382791519165,0.7801,bitfl_v2_stochastic_1bit_tensor_fp32_scale_configurable_hldp_topk_ef,71340,67500,0,0,67500,3840,2143120,4278640,0.0001,0,0,0,36.33505964651704
37,0.16236756230549268,0.7001931900024414,0.7867,bitfl_v2_stochastic_1bit_tensor_fp32_scale_configurable_hldp_topk_ef,71340,67500,0,0,67500,3840,2143120,4278640,0.0001,0,0,0,36.48800756596029
38,0.15881024680275005,0.6922673071861267,0.7873,bitfl_v2_stochastic_1bit_tensor_fp32_scale_configurable_hldp_topk_ef,71340,67500,0,0,67500,3840,2143120,4278640,0.0001,0,0,0,35.68878432363272
39,0.15599953957425897,0.6759680196762085,0.7939,bitfl_v2_stochastic_1bit_tensor_fp32_scale_configurable_hldp_topk_ef,71340,67500,0,0,67500,3840,2143120,4278640,0.0001,0,0,0,35.35752888023853
40,0.15328830625027573,0.6673001142501831,0.7945,bitfl_v2_stochastic_1bit_tensor_fp32_scale_configurable_hldp_topk_ef,71340,67500,0,0,67500,3840,2143120,4278640,0.0001,0,0,0,35.42472248338163
41,0.14995022879059736,0.6465282229423523,0.8042,bitfl_v2_stochastic_1bit_tensor_fp32_scale_configurable_hldp_topk_ef,71340,67500,0,0,67500,3840,2143120,4278640,0.0001,0,0,0,36.04564954340458
42,0.147123658847219,0.6345960025310516,0.8087,bitfl_v2_stochastic_1bit_tensor_fp32_scale_configurable_hldp_topk_ef,71340,67500,0,0,67500,3840,2143120,4278640,0.0001,0,0,0,37.16984705813229
43,0.1436464947105075,0.626063604068756,0.81,bitfl_v2_stochastic_1bit_tensor_fp32_scale_configurable_hldp_topk_ef,71340,67500,0,0,67500,3840,2143120,4278640,0.0001,0,0,0,36.93910161219537
44,0.1421605998262142,0.6195950090408325,0.8116,bitfl_v2_stochastic_1bit_tensor_fp32_scale_configurable_hldp_topk_ef,71340,67500,0,0,67500,3840,2143120,4278640,0.0001,0,0,0,37.3813408985734
45,0.14005667844903655,0.6033204561233521,0.8184,bitfl_v2_stochastic_1bit_tensor_fp32_scale_configurable_hldp_topk_ef,71340,67500,0,0,67500,3840,2143120,4278640,0.0001,0,0,0,37.64705171622336
46,0.13648171940488585,0.5957968810081482,0.8211,bitfl_v2_stochastic_1bit_tensor_fp32_scale_configurable_hldp_topk_ef,71340,67500,0,0,67500,3840,2143120,4278640,0.0001,0,0,0,39.50096532329917
47,0.13544113688306725,0.5894319739818573,0.8244,bitfl_v2_stochastic_1bit_tensor_fp32_scale_configurable_hldp_topk_ef,71340,67500,0,0,67500,3840,2143120,4278640,0.0001,0,0,0,37.34672380052507
48,0.13384293304601064,0.5819658549785613,0.8263,bitfl_v2_stochastic_1bit_tensor_fp32_scale_configurable_hldp_topk_ef,71340,67500,0,0,67500,3840,2143120,4278640,0.0001,0,0,0,38.388087240979075
49,0.13077343471813946,0.5722660121917724,0.8276,bitfl_v2_stochastic_1bit_tensor_fp32_scale_configurable_hldp_topk_ef,71340,67500,0,0,67500,3840,2143120,4278640,0.0001,0,0,0,37.97841330990195
50,0.12873531329678373,0.5576412007808685,0.834,bitfl_v2_stochastic_1bit_tensor_fp32_scale_configurable_hldp_topk_ef,71340,67500,0,0,67500,3840,2143120,4278640,0.0001,0,0,0,37.96752957627177
